<?xml version="1.0" encoding="UTF-8" standalone="yes"?>
<addon id="repository.samplerepo" name="Sample Repo" version="1.0" provider-name="lexguy2007">
    <extension point="xbmc.addon.repository" name="Example Repository">
        <dir>
            <info compressed="false">https://raw.githubusercontent.com/lexguy2007/repository.samplerepo/master/zips/addons.xml</info>
            <checksum>https://raw.githubusercontent.com/lexguy2007/repository.samplerepo/master/zips/addons.xml.md5</checksum>
            <datadir zip="true">https://raw.githubusercontent.com/lexguy2007/repository.samplerepo/master/zips/</datadir>
        </dir>
    </extension>
    <extension point="xbmc.addon.metadata">
        <summary>repository.sample</summary>
        <description>This is a sample repository</description>
        <disclaimer></disclaimer>
        <platform>all</platform>
        <assets>
            <icon>icon.png</icon>
            <fanart>fanart.jpg</fanart>
        </assets>
    </extension>
</addon>